{
  "tsflow": {
    "solar_nips": {
      "crps": 13.395378424579755,
      "twCRPS_q090": 3.8718899851805313,
      "brier_q090": 0.0824415580465763,
      "twCRPS_q095": 1.7895103450899783,
      "brier_q095": 0.042587169794925266,
      "twCRPS_q099": 0.42302920026128,
      "brier_q099": 0.006878080465762948,
      "qloss_q090": 3.59758112149748,
      "wqloss_q090": 0.23361552404592922,
      "qloss_q095": 2.308835399868892,
      "wqloss_q095": 0.14992845850037395,
      "qloss_q099": 0.9262998310556908,
      "wqloss_q099": 0.060150977322689536,
      "winkler_90": 141.30663366900612,
      "coverage_90": 0.7637295794230101,
      "winkler_95": 205.7054034115007,
      "coverage_95": 0.8229492526937783,
      "winkler_99": 587.0864891375405,
      "coverage_99": 0.885775112964894,
      "gluonts_mean_wQuantileLoss": 0.4701289072771149
    },
    "electricity_nips": {
      "crps": 31.49249436425841,
      "twCRPS_q090": 23.85365794422105,
      "brier_q090": 0.0040300772200772194,
      "twCRPS_q095": 21.17708040802327,
      "brier_q095": 0.001377781531531532,
      "twCRPS_q099": 15.562446697399588,
      "brier_q099": 0.0001473600386100386,
      "qloss_q090": 10.844272974875476,
      "wqloss_q090": 0.02865804879360362,
      "qloss_q095": 6.944017939877656,
      "wqloss_q095": 0.018350884877735004,
      "qloss_q099": 2.3955088306618837,
      "wqloss_q099": 0.0063305865790790755,
      "winkler_90": 282.373466208744,
      "coverage_90": 0.7935006435006435,
      "winkler_95": 371.72297688859175,
      "coverage_95": 0.8635135135135135,
      "winkler_99": 795.0153436875049,
      "coverage_99": 0.9397200772200772,
      "gluonts_mean_wQuantileLoss": 0.045204130010632754
    }
  }
}