{
  "baselines": {
    "kdd_cup_2018_without_missing": {
      "seasonal_naive": {
        "crps": 38.21705307107948,
        "twCRPS_q090": 17.33168266246793,
        "brier_q090": 0.06756241705246913,
        "twCRPS_q095": 15.667945877416019,
        "brier_q095": 0.04623588155864198,
        "twCRPS_q099": 13.253140297284348,
        "brier_q099": 0.032347941743827165,
        "qloss_q090": 18.407470213416655,
        "wqloss_q090": 0.7805978893347074,
        "qloss_q095": 11.76061838174495,
        "wqloss_q095": 0.4987276241452132,
        "qloss_q099": 3.478837409742437,
        "wqloss_q099": 0.14752560280685753,
        "winkler_90": 461.3525897866201,
        "coverage_90": 0.9292438271604938,
        "winkler_95": 554.0266109797302,
        "coverage_95": 0.9558641975308642,
        "winkler_99": 786.1884226147977,
        "coverage_99": 0.9793981481481482,
        "method": "seasonal_naive",
        "num_windows": 270
      },
      "bootstrap": {
        "crps": 16.58594299171324,
        "twCRPS_q090": 5.748549267080256,
        "brier_q090": 0.07528902199074074,
        "twCRPS_q095": 3.92761464120441,
        "brier_q095": 0.04808531057098766,
        "twCRPS_q099": 2.0505109066358025,
        "brier_q099": 0.01438857638888889,
        "qloss_q090": 7.62406087825002,
        "wqloss_q090": 0.32331036045265676,
        "qloss_q095": 7.533059567976676,
        "wqloss_q095": 0.3194513059545384,
        "qloss_q099": 2.892022916502447,
        "wqloss_q099": 0.12264080606165999,
        "winkler_90": 188.8849718557982,
        "coverage_90": 0.9189043209876543,
        "winkler_95": 263.1935518762545,
        "coverage_95": 0.9570987654320988,
        "winkler_99": 397.93471162610354,
        "coverage_99": 0.9838734567901235,
        "method": "bootstrap",
        "num_windows": 270
      }
    },
    "uber_tlc_hourly": {
      "seasonal_naive": {
        "crps": 3.29472332583465,
        "twCRPS_q090": 1.6676718117303306,
        "brier_q090": 0.017685221851145037,
        "twCRPS_q095": 1.2491334836170869,
        "brier_q095": 0.014408007315521628,
        "twCRPS_q099": 0.5545108220625697,
        "brier_q099": 0.006750000000000001,
        "qloss_q090": 1.1073042122111787,
        "wqloss_q090": 0.1683404387317495,
        "qloss_q095": 0.683998516446088,
        "wqloss_q095": 0.10398642855378258,
        "qloss_q099": 0.2069377756330273,
        "wqloss_q099": 0.03146018551728623,
        "winkler_90": 31.80479381041248,
        "coverage_90": 0.9104643765903307,
        "winkler_95": 41.91672455178112,
        "coverage_95": 0.9456106870229007,
        "winkler_99": 92.01620749695662,
        "coverage_99": 0.9708969465648855,
        "method": "seasonal_naive",
        "num_windows": 262
      },
      "bootstrap": {
        "crps": 5.214095448917638,
        "twCRPS_q090": 2.77838979802799,
        "brier_q090": 0.04444891857506361,
        "twCRPS_q095": 1.7437955470737914,
        "brier_q095": 0.0317166348600509,
        "twCRPS_q099": 0.5737286921119572,
        "brier_q099": 0.009145340330788804,
        "qloss_q090": 2.353266539440203,
        "wqloss_q090": 0.35776069243973785,
        "qloss_q095": 1.5636072678117054,
        "wqloss_q095": 0.23771094751094032,
        "qloss_q099": 0.48424976145038207,
        "wqloss_q099": 0.07361917023282809,
        "winkler_90": 44.716245229007626,
        "coverage_90": 0.9293893129770993,
        "winkler_95": 53.20025842875319,
        "coverage_95": 0.9567430025445293,
        "winkler_99": 79.2943193384224,
        "coverage_99": 0.976145038167939,
        "method": "bootstrap",
        "num_windows": 262
      }
    }
  }
}