{
  "baselines": {
    "kdd_cup_2018_without_missing": {
      "seasonal_naive": {
        "crps": 38.21705307107948,
        "twCRPS_q090": 18.68223069224187,
        "twCRPS_q090_threshold": 101.5,
        "twCRPS_q090_threshold_src": "train",
        "brier_q090": 0.08633161265432099,
        "twCRPS_q095": 15.956359714654127,
        "twCRPS_q095_threshold": 143.0,
        "twCRPS_q095_threshold_src": "train",
        "brier_q095": 0.04924788194444444,
        "twCRPS_q099": 11.934531221223185,
        "twCRPS_q099_threshold": 257.0,
        "twCRPS_q099_threshold_src": "train",
        "brier_q099": 0.028872559799382715,
        "qloss_q090": 18.407470213416655,
        "wqloss_q090": 0.7805978893347074,
        "qloss_q095": 11.76061838174495,
        "wqloss_q095": 0.4987276241452132,
        "qloss_q099": 3.478837409742437,
        "wqloss_q099": 0.14752560280685753,
        "winkler_90": 461.3525897866201,
        "coverage_90": 0.9292438271604938,
        "winkler_95": 554.0266109797302,
        "coverage_95": 0.9558641975308642,
        "winkler_99": 786.1884226147977,
        "coverage_99": 0.9793981481481482,
        "method": "seasonal_naive",
        "num_windows": 270
      },
      "bootstrap": {
        "crps": 16.58594299171324,
        "twCRPS_q090": 7.2804300553585115,
        "twCRPS_q090_threshold": 101.5,
        "twCRPS_q090_threshold_src": "train",
        "brier_q090": 0.0979763136574074,
        "twCRPS_q095": 4.232458876907737,
        "twCRPS_q095_threshold": 143.0,
        "twCRPS_q095_threshold_src": "train",
        "brier_q095": 0.052651271219135806,
        "twCRPS_q099": 1.6095675443672839,
        "twCRPS_q099_threshold": 257.0,
        "twCRPS_q099_threshold_src": "train",
        "brier_q099": 0.00641285686728395,
        "qloss_q090": 7.62406087825002,
        "wqloss_q090": 0.32331036045265676,
        "qloss_q095": 7.533059567976676,
        "wqloss_q095": 0.3194513059545384,
        "qloss_q099": 2.892022916502447,
        "wqloss_q099": 0.12264080606165999,
        "winkler_90": 188.8849718557982,
        "coverage_90": 0.9189043209876543,
        "winkler_95": 263.1935518762545,
        "coverage_95": 0.9570987654320988,
        "winkler_99": 397.93471162610354,
        "coverage_99": 0.9838734567901235,
        "method": "bootstrap",
        "num_windows": 270
      }
    },
    "uber_tlc_hourly": {
      "seasonal_naive": {
        "crps": 3.29472332583465,
        "twCRPS_q090": 1.7191240794215192,
        "twCRPS_q090_threshold": 38.0,
        "twCRPS_q090_threshold_src": "train",
        "brier_q090": 0.017598723759541985,
        "twCRPS_q095": 1.292876555742646,
        "twCRPS_q095_threshold": 65.0,
        "twCRPS_q095_threshold_src": "train",
        "brier_q095": 0.015132860209923663,
        "twCRPS_q099": 0.5236674100293413,
        "twCRPS_q099_threshold": 137.0,
        "twCRPS_q099_threshold_src": "train",
        "brier_q099": 0.006509251749363868,
        "qloss_q090": 1.1073042122111787,
        "wqloss_q090": 0.1683404387317495,
        "qloss_q095": 0.683998516446088,
        "wqloss_q095": 0.10398642855378258,
        "qloss_q099": 0.2069377756330273,
        "wqloss_q099": 0.03146018551728623,
        "winkler_90": 31.80479381041248,
        "coverage_90": 0.9104643765903307,
        "winkler_95": 41.91672455178112,
        "coverage_95": 0.9456106870229007,
        "winkler_99": 92.01620749695662,
        "coverage_99": 0.9708969465648855,
        "method": "seasonal_naive",
        "num_windows": 262
      },
      "bootstrap": {
        "crps": 5.214095448917638,
        "twCRPS_q090": 2.913776991889313,
        "twCRPS_q090_threshold": 38.0,
        "twCRPS_q090_threshold_src": "train",
        "brier_q090": 0.04555710480279898,
        "twCRPS_q095": 1.841611931456743,
        "twCRPS_q095_threshold": 65.0,
        "twCRPS_q095_threshold_src": "train",
        "brier_q095": 0.03301747375954198,
        "twCRPS_q099": 0.5318143527353689,
        "twCRPS_q099_threshold": 137.0,
        "twCRPS_q099_threshold_src": "train",
        "brier_q099": 0.008165529580152672,
        "qloss_q090": 2.353266539440203,
        "wqloss_q090": 0.35776069243973785,
        "qloss_q095": 1.5636072678117054,
        "wqloss_q095": 0.23771094751094032,
        "qloss_q099": 0.48424976145038207,
        "wqloss_q099": 0.07361917023282809,
        "winkler_90": 44.716245229007626,
        "coverage_90": 0.9293893129770993,
        "winkler_95": 53.20025842875319,
        "coverage_95": 0.9567430025445293,
        "winkler_99": 79.2943193384224,
        "coverage_99": 0.976145038167939,
        "method": "bootstrap",
        "num_windows": 262
      }
    }
  }
}