{
  "tsflow": {
    "traffic_nips": {
      "crps": 0.004060510377413196,
      "twCRPS_q090": 0.002185788436839525,
      "brier_q090": 0.023342551797458335,
      "twCRPS_q095": 0.0017366942304491565,
      "brier_q095": 0.01826437224941898,
      "twCRPS_q099": 0.00057033251866229,
      "brier_q099": 0.005815105943727439,
      "qloss_q090": 0.0019428016258644773,
      "wqloss_q090": 0.07419419565186419,
      "qloss_q095": 0.0015202721320576134,
      "wqloss_q095": 0.058058098422565076,
      "qloss_q099": 0.0008570349166383826,
      "wqloss_q099": 0.032729546567706484,
      "winkler_90": 0.04435610398413168,
      "coverage_90": 0.8438658952677645,
      "winkler_95": 0.06463503328233451,
      "coverage_95": 0.9080131533402561,
      "winkler_99": 0.1648976247793515,
      "coverage_99": 0.9640817386144489,
      "gluonts_mean_wQuantileLoss": 0.08322967150747662
    },
    "exchange_rate_nips": {
      "crps": 0.006338961514172299,
      "twCRPS_q090": 0.0012848056600193217,
      "brier_q090": 0.011833333333333333,
      "twCRPS_q095": 0.0004925811354319255,
      "brier_q095": 0.02615416666666667,
      "twCRPS_q099": 0.0001347077155625905,
      "brier_q099": 0.020216333333333333,
      "qloss_q090": 0.002140386610121156,
      "wqloss_q090": 0.005263371498011122,
      "qloss_q095": 0.001284480208622215,
      "wqloss_q095": 0.0031586333458883203,
      "qloss_q099": 0.0003542363064358174,
      "wqloss_q099": 0.0008710936940263688,
      "winkler_90": 0.05032630267203785,
      "coverage_90": 0.8966666666666666,
      "winkler_95": 0.059796042306174045,
      "coverage_95": 0.9375,
      "winkler_99": 0.08858999443533437,
      "coverage_99": 0.9691666666666666,
      "gluonts_mean_wQuantileLoss": 0.008481262889323599
    }
  }
}