{
  "baselines": {
    "solar_nips": {
      "seasonal_naive": {
        "crps": 17.112940488545078,
        "twCRPS_q090": 2.6233486936795747,
        "twCRPS_q090_threshold": 131.39999389648438,
        "twCRPS_q090_threshold_src": "train",
        "brier_q090": 0.056723617266249575,
        "twCRPS_q095": 1.688097005694678,
        "twCRPS_q095_threshold": 154.0,
        "twCRPS_q095_threshold_src": "train",
        "brier_q095": 0.026818181916927357,
        "twCRPS_q099": 0.40447753934129227,
        "twCRPS_q099_threshold": 262.0,
        "twCRPS_q099_threshold_src": "train",
        "brier_q099": 0.00593473127389642,
        "qloss_q090": 7.098320132501431,
        "wqloss_q090": 0.4609424281473435,
        "qloss_q095": 4.867880362074024,
        "wqloss_q095": 0.3161047335342504,
        "qloss_q099": 2.021148029537129,
        "wqloss_q099": 0.1312469518124928,
        "winkler_90": 199.36789940490468,
        "coverage_90": 0.8756517205422315,
        "winkler_95": 272.64197753943245,
        "coverage_95": 0.8946385123392423,
        "winkler_99": 644.2150490488852,
        "coverage_99": 0.9214893986791797,
        "method": "seasonal_naive",
        "num_windows": 959
      },
      "bootstrap": {
        "crps": 23.950147562504064,
        "twCRPS_q090": 3.012772960438909,
        "twCRPS_q090_threshold": 131.39999389648438,
        "twCRPS_q090_threshold_src": "train",
        "brier_q090": 0.0660147484358707,
        "twCRPS_q095": 1.9447921168706876,
        "twCRPS_q095_threshold": 154.0,
        "twCRPS_q095_threshold_src": "train",
        "brier_q095": 0.028889381299965246,
        "twCRPS_q099": 0.42899307569232636,
        "twCRPS_q099_threshold": 262.0,
        "twCRPS_q099_threshold_src": "train",
        "brier_q099": 0.007024538364615919,
        "qloss_q090": 13.25460480866586,
        "wqloss_q090": 0.8607120573028995,
        "qloss_q095": 7.617962104763347,
        "wqloss_q095": 0.494686332055672,
        "qloss_q099": 1.9438288670487702,
        "wqloss_q099": 0.126226090279844,
        "winkler_90": 183.15840355871995,
        "coverage_90": 0.9103667014250956,
        "winkler_95": 196.1379920627555,
        "coverage_95": 0.9395637817170663,
        "winkler_99": 270.22980269531774,
        "coverage_99": 0.9606795272853667,
        "method": "bootstrap",
        "num_windows": 959
      }
    },
    "electricity_nips": {
      "seasonal_naive": {
        "crps": 42.20137508435292,
        "twCRPS_q090": 31.15458158439136,
        "twCRPS_q090_threshold": 920.0792846679688,
        "twCRPS_q090_threshold_src": "train",
        "brier_q090": 0.00518019103925354,
        "twCRPS_q095": 27.554084481194216,
        "twCRPS_q095_threshold": 1813.0928771972644,
        "twCRPS_q095_threshold_src": "train",
        "brier_q095": 0.0025582392213642216,
        "twCRPS_q099": 19.44857605816994,
        "twCRPS_q099_threshold": 9375.0,
        "twCRPS_q099_threshold_src": "train",
        "brier_q099": 0.0005075124678249678,
        "qloss_q090": 15.30959543140295,
        "wqloss_q090": 0.040458510579729746,
        "qloss_q095": 10.209961289360837,
        "wqloss_q095": 0.02698175981822026,
        "qloss_q099": 3.942639714647476,
        "wqloss_q099": 0.010419173473384854,
        "winkler_90": 411.05945955705573,
        "coverage_90": 0.8412644787644787,
        "winkler_95": 540.348658172296,
        "coverage_95": 0.8789736164736165,
        "winkler_99": 1144.5531060972703,
        "coverage_99": 0.9215894465894466,
        "method": "seasonal_naive",
        "num_windows": 2590
      },
      "bootstrap": {
        "crps": 169.56179129326475,
        "twCRPS_q090": 135.44447508333312,
        "twCRPS_q090_threshold": 920.0792846679688,
        "twCRPS_q090_threshold_src": "train",
        "brier_q090": 0.022119606660231658,
        "twCRPS_q095": 121.25868444902594,
        "twCRPS_q095_threshold": 1813.0928771972644,
        "twCRPS_q095_threshold_src": "train",
        "brier_q095": 0.010930111406048907,
        "twCRPS_q099": 92.5528566484327,
        "twCRPS_q099_threshold": 9375.0,
        "twCRPS_q099_threshold_src": "train",
        "brier_q099": 0.0005789088642213643,
        "qloss_q090": 39.74223826668681,
        "wqloss_q090": 0.10502640481777524,
        "qloss_q095": 21.81407432904369,
        "wqloss_q095": 0.057647830145681915,
        "qloss_q099": 5.4187468630406705,
        "wqloss_q099": 0.014320066671227379,
        "winkler_90": 876.0544131408637,
        "coverage_90": 0.8671332046332046,
        "winkler_95": 930.2899241586404,
        "coverage_95": 0.9131274131274131,
        "winkler_99": 1165.2384176940304,
        "coverage_99": 0.9488256113256113,
        "method": "bootstrap",
        "num_windows": 2590
      }
    },
    "traffic_nips": {
      "seasonal_naive": {
        "crps": 0.011083023676115508,
        "twCRPS_q090": 0.003948458373650164,
        "twCRPS_q090_threshold": 0.09664999693632126,
        "twCRPS_q090_threshold_src": "train",
        "brier_q090": 0.05352299887504326,
        "twCRPS_q095": 0.0028486597753181408,
        "twCRPS_q095_threshold": 0.12306666374206543,
        "twCRPS_q095_threshold_src": "train",
        "brier_q095": 0.033026688207733766,
        "twCRPS_q099": 0.0008316658215960946,
        "twCRPS_q099_threshold": 0.23819999396800995,
        "twCRPS_q099_threshold_src": "train",
        "brier_q099": 0.008804060506601393,
        "qloss_q090": 0.004866025280023766,
        "wqloss_q090": 0.1858300028508339,
        "qloss_q095": 0.003565226925791838,
        "wqloss_q095": 0.13615345002493107,
        "qloss_q099": 0.0018979175574327886,
        "wqloss_q099": 0.07248010538627128,
        "winkler_90": 0.13459222574228674,
        "coverage_90": 0.8747836621668398,
        "winkler_95": 0.19562147313441866,
        "coverage_95": 0.8955397319883301,
        "winkler_99": 0.5585809366510103,
        "coverage_99": 0.9212035800820848,
        "method": "seasonal_naive",
        "num_windows": 6741
      },
      "bootstrap": {
        "crps": 0.018674624202920837,
        "twCRPS_q090": 0.004026248782292918,
        "twCRPS_q090_threshold": 0.09664999693632126,
        "twCRPS_q090_threshold_src": "train",
        "brier_q090": 0.07210233613954409,
        "twCRPS_q095": 0.002684132151014779,
        "twCRPS_q095_threshold": 0.12306666374206543,
        "twCRPS_q095_threshold_src": "train",
        "brier_q095": 0.03649847435469515,
        "twCRPS_q099": 0.0006466657817673375,
        "twCRPS_q099_threshold": 0.23819999396800995,
        "twCRPS_q099_threshold_src": "train",
        "brier_q099": 0.00785892022696929,
        "qloss_q090": 0.007517654920352952,
        "wqloss_q090": 0.2870938301565814,
        "qloss_q095": 0.005062482109297074,
        "wqloss_q095": 0.19333254775001418,
        "qloss_q099": 0.0018575481581504356,
        "wqloss_q099": 0.07093842708580642,
        "winkler_90": 0.14495714401690238,
        "coverage_90": 0.8746291351431539,
        "winkler_95": 0.17564793484140898,
        "coverage_95": 0.9219823962814617,
        "winkler_99": 0.30200516789001874,
        "coverage_99": 0.9612878900262077,
        "method": "bootstrap",
        "num_windows": 6741
      }
    },
    "exchange_rate_nips": {
      "seasonal_naive": {
        "crps": 0.0070251124157020475,
        "twCRPS_q090": 0.001482213935274101,
        "twCRPS_q090_threshold": 1.531999945640564,
        "twCRPS_q090_threshold_src": "train",
        "brier_q090": 0.012517249999999999,
        "twCRPS_q095": 0.0,
        "twCRPS_q095_threshold": 1.6492887318134308,
        "twCRPS_q095_threshold_src": "train",
        "brier_q095": 0.0,
        "twCRPS_q099": 0.0,
        "twCRPS_q099_threshold": 1.9464999437332153,
        "twCRPS_q099_threshold_src": "train",
        "brier_q099": 0.0,
        "qloss_q090": 0.002291216723584282,
        "wqloss_q090": 0.005634274080044498,
        "qloss_q095": 0.0016901664886818431,