{
  "baselines": {
    "solar_nips": {
      "seasonal_naive": {
        "crps": 17.112940488545078,
        "twCRPS_q090": 3.9485454080006948,
        "brier_q090": 0.07601955813347237,
        "twCRPS_q095": 2.031406283204865,
        "brier_q095": 0.04052255278936392,
        "twCRPS_q099": 0.5549758354804853,
        "brier_q099": 0.007747536496350365,
        "qloss_q090": 7.098320132501431,
        "wqloss_q090": 0.4609424281473435,
        "qloss_q095": 4.867880362074024,
        "wqloss_q095": 0.3161047335342504,
        "qloss_q099": 2.021148029537129,
        "wqloss_q099": 0.1312469518124928,
        "winkler_90": 199.36789940490468,
        "coverage_90": 0.8756517205422315,
        "winkler_95": 272.64197753943245,
        "coverage_95": 0.8946385123392423,
        "winkler_99": 644.2150490488852,
        "coverage_99": 0.9214893986791797,
        "method": "seasonal_naive",
        "num_windows": 959
      },
      "bootstrap": {
        "crps": 23.950147562504064,
        "twCRPS_q090": 4.583254359801179,
        "brier_q090": 0.09116884775808133,
        "twCRPS_q095": 2.3315636671902613,
        "brier_q095": 0.046049580726451156,
        "twCRPS_q099": 0.6094407161476586,
        "brier_q099": 0.009297614702815432,
        "qloss_q090": 13.25460480866586,
        "wqloss_q090": 0.8607120573028995,
        "qloss_q095": 7.617962104763347,
        "wqloss_q095": 0.494686332055672,
        "qloss_q099": 1.9438288670487702,
        "wqloss_q099": 0.126226090279844,
        "winkler_90": 183.15840355871995,
        "coverage_90": 0.9103667014250956,
        "winkler_95": 196.1379920627555,
        "coverage_95": 0.9395637817170663,
        "winkler_99": 270.22980269531774,
        "coverage_99": 0.9606795272853667,
        "method": "bootstrap",
        "num_windows": 959
      }
    },
    "electricity_nips": {
      "seasonal_naive": {
        "crps": 42.20137508435292,
        "twCRPS_q090": 30.481414527337677,
        "brier_q090": 0.005620497506435006,
        "twCRPS_q095": 27.017597587863015,
        "brier_q095": 0.0018453056628056628,
        "twCRPS_q099": 19.120849047090392,
        "brier_q099": 0.0003144860038610039,
        "qloss_q090": 15.30959543140295,
        "wqloss_q090": 0.040458510579729746,
        "qloss_q095": 10.209961289360837,
        "wqloss_q095": 0.02698175981822026,
        "qloss_q099": 3.942639714647476,
        "wqloss_q099": 0.010419173473384854,
        "winkler_90": 411.05945955705573,
        "coverage_90": 0.8412644787644787,
        "winkler_95": 540.348658172296,
        "coverage_95": 0.8789736164736165,
        "winkler_99": 1144.5531060972703,
        "coverage_99": 0.9215894465894466,
        "method": "seasonal_naive",
        "num_windows": 2590
      },
      "bootstrap": {
        "crps": 169.56179129326475,
        "twCRPS_q090": 132.6913653136446,
        "brier_q090": 0.02081635818854569,
        "twCRPS_q095": 118.90898449284178,
        "brier_q095": 0.009371110842985845,
        "twCRPS_q099": 92.04027050933533,
        "brier_q099": 0.0006428076737451738,
        "qloss_q090": 39.74223826668681,
        "wqloss_q090": 0.10502640481777524,
        "qloss_q095": 21.81407432904369,
        "wqloss_q095": 0.057647830145681915,
        "qloss_q099": 5.4187468630406705,
        "wqloss_q099": 0.014320066671227379,
        "winkler_90": 876.0544131408637,
        "coverage_90": 0.8671332046332046,
        "winkler_95": 930.2899241586404,
        "coverage_95": 0.9131274131274131,
        "winkler_99": 1165.2384176940304,
        "coverage_99": 0.9488256113256113,
        "method": "bootstrap",
        "num_windows": 2590
      }
    },
    "traffic_nips": {
      "seasonal_naive": {
        "crps": 0.011083023676115508,
        "twCRPS_q090": 0.004118612460050369,
        "brier_q090": 0.057374015353805076,
        "twCRPS_q095": 0.003117644768695814,
        "brier_q095": 0.0369443339576225,
        "twCRPS_q099": 0.0009711625576298157,
        "brier_q099": 0.010210439227612124,
        "qloss_q090": 0.004866025280023766,
        "wqloss_q090": 0.1858300028508339,
        "qloss_q095": 0.003565226925791838,
        "wqloss_q095": 0.13615345002493107,
        "qloss_q099": 0.0018979175574327886,
        "wqloss_q099": 0.07248010538627128,
        "winkler_90": 0.13459222574228674,
        "coverage_90": 0.8747836621668398,
        "winkler_95": 0.19562147313441866,
        "coverage_95": 0.8955397319883301,
        "winkler_99": 0.5585809366510103,
        "coverage_99": 0.9212035800820848,
        "method": "seasonal_naive",
        "num_windows": 6741
      },
      "bootstrap": {
        "crps": 0.018674624202920837,
        "twCRPS_q090": 0.004258722199898597,
        "brier_q090": 0.07976160250704643,
        "twCRPS_q095": 0.0029891224317011886,
        "brier_q095": 0.042942995753597384,
        "twCRPS_q099": 0.0007736639464388781,
        "brier_q099": 0.009545533705434405,
        "qloss_q090": 0.007517654920352952,
        "wqloss_q090": 0.2870938301565814,
        "qloss_q095": 0.005062482109297074,
        "wqloss_q095": 0.19333254775001418,
        "qloss_q099": 0.0018575481581504356,
        "wqloss_q099": 0.07093842708580642,
        "winkler_90": 0.14495714401690238,
        "coverage_90": 0.8746291351431539,
        "winkler_95": 0.17564793484140898,
        "coverage_95": 0.9219823962814617,
        "winkler_99": 0.30200516789001874,
        "coverage_99": 0.9612878900262077,
        "method": "bootstrap",
        "num_windows": 6741
      }
    },
    "exchange_rate_nips": {
      "seasonal_naive": {
        "crps": 0.0070251124157020475,
        "twCRPS_q090": 0.0015964720633633808,
        "brier_q090": 0.015827874999999998,
        "twCRPS_q095": 0.0005552219381334703,
        "brier_q095": 0.03432870833333334,
        "twCRPS_q099": 0.00015678156802651037,
        "brier_q099": 0.022409312499999993,
        "qloss_q090": 0.002291216723584282,
        "wqloss_q090": 0.005634274080044498,
        "qloss_q095": 0.0016901664886818431,
        "wqloss_q095": 0.004156246390888232,
        "qloss_q099": 0.0009693380044349661,
        "wqloss_q099": 0.0023836749867320386,
        "winkler_90": 0.08658586069165063,
        "coverage_90": 0.42916666666666664,
        "winkler_95": 0.1388938500350137,
        "coverage_95": 0.4925,
        "winkler_99": 0.48729305439134396,
        "coverage_99": 0.5725,
        "method": "seasonal_naive",
        "num_windows": 40
      },
      "bootstrap": {
        "crps": 0.009991265088310696,
        "twCRPS_q090": 0.0033458025754442137,
        "brier_q090": 0.025,
        "twCRPS_q095": 0.0004323919721618295,
        "brier_q095": 0.041716583333333335,
        "twCRPS_q099": 5.8594828052025245e-05,
        "brier_q099": 0.010046312500000001,
        "qloss_q090": 0.0021155579068775597,
        "wqloss_q090": 0.005202315851163508,
        "qloss_q095": 0.0012088665412370283,
        "wqloss_q095": 0.002972693656351225,
        "qloss_q099": 0.00042427981105741855,
        "wqloss_q099": 0.001043335934798599,
        "winkler_90": 0.09342665687820408,
        "coverage_90": 0.5658333333333333,
        "winkler_95": 0.1286117671550019,
        "coverage_95": 0.605,
        "winkler_99": 0.3570254633484987,
        "coverage_99": 0.665,
        "method": "bootstrap",
        "num_windows": 40
      }
    }
  }
}