{
  "datasets": {
    "solar_nips": {
      "phase2": {
        "crps": 10.713754292090481,
        "twCRPS_q090": 3.3271831006191324,
        "brier_q090": 0.062986123783455,
        "twCRPS_q095": 1.7148693162510533,
        "brier_q095": 0.03243218087417449,
        "twCRPS_q099": 0.5329348506600263,
        "brier_q099": 0.006643698948557525,
        "qloss_q090": 3.137952261187196,
        "wqloss_q090": 0.20376868155879577,
        "qloss_q095": 2.000900185833999,
        "wqloss_q095": 0.12993212096983545,
        "qloss_q099": 0.6549388086562531,
        "wqloss_q099": 0.04252965196197155,
        "winkler_90": 74.75847811106047,
        "coverage_90": 0.9461678832116789,
        "winkler_95": 82.85903566979667,
        "coverage_95": 0.9790145985401459,
        "winkler_99": 113.24372038264593,
        "coverage_99": 0.9937869308307264,
        "gluonts_mean_wQuantileLoss": 0.38156534277948345,
        "stage": "phase2_best",
        "ckpt": "phase2_best.pt"
      },
      "self_train_round_2": {
        "crps": 11.444819304051283,
        "twCRPS_q090": 3.4677360419090895,
        "brier_q090": 0.0711851896506778,
        "twCRPS_q095": 1.6683477924703265,
        "brier_q095": 0.033918938998957246,
        "twCRPS_q099": 0.472536478358318,
        "brier_q099": 0.0067576338199513385,
        "qloss_q090": 3.3995285264488087,
        "wqloss_q090": 0.22075461578051875,
        "qloss_q095": 2.2212211047966197,
        "wqloss_q095": 0.1442390636636833,
        "qloss_q099": 0.8281764711622016,
        "wqloss_q099": 0.05377915710001638,
        "winkler_90": 127.41357790985651,
        "coverage_90": 0.7765033020507474,
        "winkler_95": 160.36641483343766,
        "coverage_95": 0.8819516857838026,
        "winkler_99": 223.21400813739152,
        "coverage_99": 0.9656326034063261,
        "gluonts_mean_wQuantileLoss": 0.4022445741476823,
        "stage": "st_round_2",
        "ckpt": "st_round_2.pt"
      },
      "cfg_sweep": {
        "dataset": "solar_nips",
        "target_extremity": 0.9,
        "tail_threshold_abs": 143.5500030517578,
        "w_sweep": [
          {
            "w": 0.0,
            "overall_crps": 11.46532592004908,
            "overall_twCRPS_q095": 1.6830237981602512,
            "tail_subset_crps": 17.60024583757435,
            "tail_subset_twCRPS_q095": 1.881315182796081,
            "mean_sample_max": 248.51956176757812
          },
          {
            "w": 0.5,
            "overall_crps": 12.195552043111315,
            "overall_twCRPS_q095": 2.005709539778812,
            "tail_subset_crps": 18.382126675474257,
            "tail_subset_twCRPS_q095": 2.5416056618126666,
            "mean_sample_max": 228.52169799804688
          },
          {
            "w": 1.0,
            "overall_crps": 13.313958333865362,
            "overall_twCRPS_q095": 2.5332908460014267,
            "tail_subset_crps": 19.98932393849824,
            "tail_subset_twCRPS_q095": 3.5200045970401437,
            "mean_sample_max": 210.46604919433594
          },
          {
            "w": 2.0,
            "overall_crps": 16.054086796201616,
            "overall_twCRPS_q095": 4.088704408200897,
            "tail_subset_crps": 24.906676027932587,
            "tail_subset_twCRPS_q095": 6.257464989935915,
            "mean_sample_max": 225.2437286376953
          },
          {
            "w": 4.0,
            "overall_crps": 21.280387318238326,
            "overall_twCRPS_q095": 7.959920155743423,
            "tail_subset_crps": 35.82144098920073,
            "tail_subset_twCRPS_q095": 13.782136486418006,
            "mean_sample_max": 379.2647399902344
          },
          {
            "w": 6.0,
            "overall_crps": 27.163286778713505,
            "overall_twCRPS_q095": 12.57924729634344,
            "tail_subset_crps": 48.014313932359265,
            "tail_subset_twCRPS_q095": 23.229821228297094,
            "mean_sample_max": 548.2844848632812
          }
        ]
      }
    },
    "electricity_nips": {
      "phase2": {
        "crps": 39.831900073314515,
        "twCRPS_q090": 29.11805261625503,
        "brier_q090": 0.005264635215572716,
        "twCRPS_q095": 25.771472463199252,
        "brier_q095": 0.0016589611486486488,
        "twCRPS_q099": 18.490566912199263,
        "brier_q099": 0.0002018741956241956,
        "qloss_q090": 14.38118489875215,
        "wqloss_q090": 0.038005009602131226,
        "qloss_q095": 9.961922907101352,
        "wqloss_q095": 0.02632627133338152,
        "qloss_q099": 4.299402452515517,
        "wqloss_q099": 0.011361986695926345,
        "winkler_90": 407.3141924893096,
        "coverage_90": 0.7362451737451737,
        "winkler_95": 554.8380828515672,
        "coverage_95": 0.8195624195624196,
        "winkler_99": 1225.3972102600349,
        "coverage_99": 0.9157657657657657,
        "gluonts_mean_wQuantileLoss": 0.056911376118260915,
        "stage": "phase2_best",
        "ckpt": "phase2_best.pt"
      },
      "self_train_round_2": {
        "crps": 41.59888944511312,
        "twCRPS_q090": 30.079720619327933,
        "brier_q090": 0.005609083815958816,
        "twCRPS_q095": 26.342013904999334,
        "brier_q095": 0.001775699404761905,
        "twCRPS_q099": 18.24420888164901,
        "brier_q099": 0.00020768741956241958,
        "qloss_q090": 14.172876706523335,
        "wqloss_q090": 0.0374545156823607,
        "qloss_q095": 9.812276976012965,
        "wqloss_q095": 0.025930803568522485,
        "qloss_q099": 4.4136132165850945,
        "wqloss_q099": 0.011663810308910255,
        "winkler_90": 429.67511172420086,
        "coverage_90": 0.6760135135135135,
        "winkler_95": 584.5729891789068,
        "coverage_95": 0.7755791505791506,
        "winkler_99": 1230.9883399149894,
        "coverage_99": 0.8954954954954955,
        "gluonts_mean_wQuantileLoss": 0.05945213069175007,
        "stage": "st_round_2",
        "ckpt": "st_round_2.pt"
      },
      "cfg_sweep": {
        "dataset": "electricity_nips",
        "target_extremity": 0.9,
        "tail_threshold_abs": 2049.7831420898374,
        "w_sweep": [
          {
            "w": 0.0,
            "overall_crps": 41.5565733034801,
            "overall_twCRPS_q095": 26.293017409842633,
            "tail_subset_crps": 288.59974089851283,
            "tail_subset_twCRPS_q095": 140.85414329033142,
            "mean_sample_max": 1466.330078125
          },
          {
            "w": 0.5,
            "overall_crps": 47.28934647555845,
            "overall_twCRPS_q095": 29.89234944795509,
            "tail_subset_crps": 321.5194434919022,
            "tail_subset_twCRPS_q095": 152.92154714798306,
            "mean_sample_max": 1931.8704833984375
          },
          {
            "w": 1.0,
            "overall_crps": 55.35291557702286,
            "overall_twCRPS_q095": 34.994919260201584,
            "tail_subset_crps": 370.15975048396564,
            "tail_subset_twCRPS_q095": 170.5827703411657,
            "mean_sample_max": 2285.2314453125
          },
          {
            "w": 2.0,
            "overall_crps": 75.1813600173107,
            "overall_twCRPS_q095": 47.90692479197351,
            "tail_subset_crps": 492.8884084450684,
            "tail_subset_twCRPS_q095": 221.94062569461857,
            "mean_sample_max": 3158.010009765625
          },
          {
            "w": 4.0,
            "overall_crps": 118.29486126472683,
            "overall_twCRPS_q095": 76.0807399274598,
            "tail_subset_crps": 758.5254391697457,
            "tail_subset_twCRPS_q095": 338.18638352439615,
            "mean_sample_max": 4952.31884765625
          },
          {
            "w": 6.0,
            "overall_crps": 162.2582959567758,
            "overall_twCRPS_q095": 105.39690809609861,
            "tail_subset_crps": 1025.891521277167,
            "tail_subset_twCRPS_q095": 456.02305218701457,
            "mean_sample_max": 6983.89013671875
          }
        ]
      }
    },